Crime ID,Month,Reported by,Falls within,Longitude,Latitude,Location,LSOA code,LSOA name,Outcome type
9b467098d78f204ef9287b628a613b24686ce47a0444b136692e8d50461bf3c8,2016-09,City of London Police,City of London Police,-0.097601,51.520699,On or near CARTHUSIAN STREET,E01000001,City of London 001A,Investigation complete; no suspect identified
9a9fb6f88c54a764f2101459811056766a07806e93bf5d9a552bfcc827555e4d,2016-09,City of London Police,City of London Police,-0.080146,51.514848,On or near BURY COURT,E01032739,City of London 001F,Unable to prosecute suspect
6407c2b0a8e9d6a3799263176cbdc9b737d8739f4d12a9d9c37f48d0d8b06570,2016-09,City of London Police,City of London Police,-0.078856,51.518433,On or near ARTILLERY LANE,E01032739,City of London 001F,Investigation complete; no suspect identified
956ddb4dfa7737c61b2b87d949c0e402f84bd5b6819ce6e4baa99075a2dd79b3,2016-09,City of London Police,City of London Police,-0.097645,51.515142,On or near ST MARTIN'S LE GRAND,E01032739,City of London 001F,Investigation complete; no suspect identified
2b06cc5f225d0e60a23ccda24ebb0723af4ab7e39af89e2ada78e4f55f92cd28,2016-09,City of London Police,City of London Police,-0.082571,51.514753,On or near GREAT ST HELEN'S,E01032739,City of London 001F,Investigation complete; no suspect identified
4f092db5edede43188ae1fba0a0f0b0cee9d140398826e24d2aa4a473d34d50e,2016-09,City of London Police,City of London Police,-0.075196,51.512609,On or near ST CLARE STREET,E01000005,City of London 001E,Suspect charged
cf028e2f3ddc9f4234cf02b84998e28ac637e8d9629337bb124f17a1e5303994,2016-09,City of London Police,City of London Police,-0.104494,51.509848,On or near A201,E01032739,City of London 001F,Suspect charged
6202430273b26e1cb53ddf444e46e3d606c953b5f04c2a8a565a9b8f9e6a6d00,2016-09,City of London Police,City of London Police,-0.101794,51.516207,On or near NEWGATE STREET,E01032740,City of London 001G,Unable to prosecute suspect
ec34da1117cfb6beb6141d80e924578aabd35a282272f5d68f3fad4266ae9439,2016-09,City of London Police,City of London Police,-0.111497,51.518226,On or near Pedestrian Subway,E01000914,Camden 028B,Investigation complete; no suspect identified
ff7161c18f4c3af041703b7352d3efb5629cc7aa9713bd4fc6970cb46d5c1578,2016-09,City of London Police,City of London Police,-0.097562,51.518864,On or near Parking Area,E01000001,City of London 001A,Investigation complete; no suspect identified
17c177af5280be911c138f4fe307631bb514892132e3e9bd837198c38ddad99b,2016-09,City of London Police,City of London Police,-0.108231,51.513928,On or near PLEYDELL STREET,E01032740,City of London 001G,Suspect charged
c3738abca0961b7ffbf1d3e7b64a2989c80205d121e08bbc714f312dae3a29ee,2016-09,City of London Police,City of London Police,-0.075196,51.512609,On or near ST CLARE STREET,E01000005,City of London 001E,Investigation complete; no suspect identified
f5575b790b4fffd429ecbeef59a5f0e7aeabfa5348cf25a56a8a95bd00c82766,2016-09,City of London Police,City of London Police,-0.079786,51.517576,On or near Police Station,E01032739,City of London 001F,Investigation complete; no suspect identified
18e6f90761b07ea8cc26094b63a7ffeb85c084d91509b79723c9e8af762c9cb8,2016-09,City of London Police,City of London Police,-0.087670,51.516877,On or near COPTHALL AVENUE,E01032739,City of London 001F,Investigation complete; no suspect identified
2065e093d644bbdf31bdc057fed8822f67a3699ef01ef6c238b62a7309db2d9d,2016-09,City of London Police,City of London Police,-0.098062,51.517577,On or near MONTAGUE STREET,E01000001,City of London 001A,Investigation complete; no suspect identified
f3195cb97fc1d2c542a079bcec28f16e328ae4903563a784dfa27fda6b96aae7,2016-09,City of London Police,City of London Police,-0.080146,51.514848,On or near BURY COURT,E01032739,City of London 001F,Investigation complete; no suspect identified
ffeae80bb33b286f0a7f31be88466d074c5672cd036f0e365389c61c13557623,2016-09,City of London Police,City of London Police,-0.082571,51.514753,On or near GREAT ST HELEN'S,E01032739,City of London 001F,Investigation complete; no suspect identified
2ef992ba39d11e92a2ab735c27963f246b2e1b9c7f3982180118b6e3ad4fee49,2016-09,City of London Police,City of London Police,-0.082628,51.518189,On or near SUN STREET PASSAGE,E01032739,City of London 001F,Offender given a drugs possession warning
9cd57d1fe05ee3790c01c7cb2592311b16fabd0242d344261a2948b9c783ac52,2016-09,City of London Police,City of London Police,-0.100179,51.514158,On or near Shopping Area,E01032739,City of London 001F,Investigation complete; no suspect identified
285a91e7328b05cec7800b501e35715d781c59d746f79d5298658b62888fd5f0,2016-09,City of London Police,City of London Police,-0.081580,51.520510,On or near PINDAR STREET,E01032739,City of London 001F,Investigation complete; no suspect identified
f30db18c580cfcd7308e5238a3eddf660f3981958c0c4ff0d66ae76d8f35d2f7,2016-09,City of London Police,City of London Police,-0.084566,51.517690,On or near BLOMFIELD STREET,E01032739,City of London 001F,Investigation complete; no suspect identified
3e54231249365e57d57dc5fba746d7b01e7623e71131166129bae1042c8d9eb7,2016-09,City of London Police,City of London Police,-0.097562,51.518864,On or near Parking Area,E01000001,City of London 001A,Local resolution
894eae55565baaa777ce68ffe51bccc60c9608a6ca236a9487a5ea78084e7fdc,2016-09,City of London Police,City of London Police,-0.113767,51.517372,On or near STONE BUILDINGS,E01000914,Camden 028B,Investigation complete; no suspect identified
9440bf07cdb65db59e36bafc4fa9b328dd9c86385241b2249e73a37954004420,2016-09,City of London Police,City of London Police,-0.083993,51.511440,On or near PHILPOT LANE,E01032739,City of London 001F,Investigation complete; no suspect identified
6370426c20fdfb20300d035410ff25ae12d9c85a19e2b3b21b0e2b69e6cc46ea,2016-09,City of London Police,City of London Police,-0.085257,51.511200,On or near TALBOT COURT,E01032739,City of London 001F,Investigation complete; no suspect identified
70d25d8d3349059afb3677e48870cd4cc7a6ba252aa9dc402ee25477f833865a,2016-09,City of London Police,City of London Police,-0.087606,51.515653,On or near THROGMORTON AVENUE,E01032739,City of London 001F,Local resolution
85e36af2465e6eb1f12d33ade326af9951717a4eca684c772a273a288b7dd021,2016-09,City of London Police,City of London Police,,,No location,,,Suspect charged
b66932590ecdc56e1684bfccdbdd6090bd6c7b4dbf235a7925f61aefc51f2feb,2016-09,City of London Police,City of London Police,-0.085310,51.518511,On or near ELDON STREET,E01032739,City of London 001F,Suspect charged
9ff60562e73b6d3e4fb2fffac1529367f7168c1d2d88425cad9099bb1fa942e0,2016-09,City of London Police,City of London Police,-0.091084,51.513830,On or near OLD JEWRY,E01032739,City of London 001F,Investigation complete; no suspect identified
ea3e6ac2f3894cc3d2248526ce44ce424572a365f1a0a43d9b7de665011a1684,2016-09,City of London Police,City of London Police,-0.088843,51.509532,On or near Parking Area,E01032739,City of London 001F,Investigation complete; no suspect identified
38514cb3cffb213a3899ec3ecdf743af68003cee5326a5848da8d952b6afffa8,2016-09,City of London Police,City of London Police,-0.088995,51.512088,On or near ST SWITHIN'S LANE,E01032739,City of London 001F,Investigation complete; no suspect identified
a6499a7fe4107ea89e5fb69fbbcfe83707b17cfdde3664722dce246fc32da027,2016-09,City of London Police,City of London Police,,,No location,,,Investigation complete; no suspect identified
529f61824e536b26803bf8a41de07896f4397fd6d95d57b9c3222605dc9cd14a,2016-09,City of London Police,City of London Police,-0.097277,51.515307,On or near ST MARTIN'S LE GRAND,E01000001,City of London 001A,Investigation complete; no suspect identified
6596e5f3ef59b6a9ed5957fb17be2d9774f6b62ed76fca698d5ae175c8b1ab7e,2016-09,City of London Police,City of London Police,-0.086051,51.513569,On or near FINCH LANE,E01032739,City of London 001F,Unable to prosecute suspect
46e34fd415ffea9dfa6b0470a0bdf7b7245a31a52c4fc137bc5e562fbc1b326c,2016-09,City of London Police,City of London Police,-0.097601,51.520699,On or near CARTHUSIAN STREET,E01000001,City of London 001A,Unable to prosecute suspect
949e0e8438840349edc72158e8ec0aa78d6cbe6c4f3175ec1d91029ac3214aa9,2016-09,City of London Police,City of London Police,-0.100179,51.514158,On or near Shopping Area,E01032739,City of London 001F,Investigation complete; no suspect identified
577c7d998df56a770721c2e0ee4ed0d2db780676cfe785eaede369d33318b246,2016-09,City of London Police,City of London Police,-0.096814,51.512952,On or near ST PAUL'S CHURCH YARD,E01032739,City of London 001F,Unable to prosecute suspect
71386b7ed87393a4d4f9fdfc1d919f2fe64e65c27b78eb8621e679ba98a203e1,2016-09,City of London Police,City of London Police,-0.104252,51.516733,On or near Supermarket,E01032740,City of London 001G,Investigation complete; no suspect identified
48534657aa36afafd3828011b2164943221e2beb7c2e1f97b700afff71cb1c44,2016-09,City of London Police,City of London Police,-0.079786,51.517576,On or near Police Station,E01032739,City of London 001F,Investigation complete; no suspect identified
08add296d4d5d8cc6cbd246f649953ea9d7d3c28cf56cbeb890237e9ef6752e4,2016-09,City of London Police,City of London Police,-0.084095,51.516900,On or near NEW BROAD STREET,E01032739,City of London 001F,Investigation complete; no suspect identified
47da562330c7fe91c48114c9806dca5370c560243d46c80911b3a3f95def6e11,2016-09,City of London Police,City of London Police,-0.097645,51.515142,On or near ST MARTIN'S LE GRAND,E01032739,City of London 001F,Formal action is not in the public interest
6c599f6e797494fe083e6242240d8daa59840385d61a2fe91f0a6be9d5f1b131,2016-09,City of London Police,City of London Police,-0.094758,51.512829,On or near Nightclub,E01032739,City of London 001F,Investigation complete; no suspect identified
1404a3ee52a32e13c02024879f6b59b0ac650b2afe0834544d562626d2d77aa9,2016-09,City of London Police,City of London Police,-0.098886,51.519254,On or near KINGHORN STREET,E01032740,City of London 001G,Investigation complete; no suspect identified
e861ce729e8531b93f40533cd848cfc28cb71c52a0e9aa53d84f208baa74779f,2016-09,City of London Police,City of London Police,-0.108283,51.517526,On or near Supermarket,E01032740,City of London 001G,Investigation complete; no suspect identified
a14a9cfaceab55b0313b72f33d182417dbdc6d2b6185768ce025ce3c0b2470e5,2016-09,City of London Police,City of London Police,-0.084095,51.516900,On or near NEW BROAD STREET,E01032739,City of London 001F,Investigation complete; no suspect identified
a5d421f4d08085ee801cf373476b7005f17251e556d619b5a4c13b578012d5ff,2016-09,City of London Police,City of London Police,-0.091494,51.510924,On or near COLLEGE STREET,E01032739,City of London 001F,Investigation complete; no suspect identified
2f2affff72cd4cdff24895846b8316145098f4436b2d66b51676423c65797422,2016-09,City of London Police,City of London Police,-0.084967,51.512598,On or near BELL INN YARD,E01032739,City of London 001F,Unable to prosecute suspect
08be12c2684e64a30d8a1b3410fe11c2c0b18c60f1c8fe0425517dac033abbe0,2016-09,City of London Police,City of London Police,-0.106922,51.514204,On or near FLEET STREET,E01032740,City of London 001G,Unable to prosecute suspect
fea4ea9dcb4df869a65bbf053b0509230710ab53baf4a5bc2a80ca694f1251f0,2016-09,City of London Police,City of London Police,-0.082913,51.513463,On or near LEADENHALL STREET,E01032739,City of London 001F,Investigation complete; no suspect identified
5bbf5d3685e8c5a16cd612abeb0255be47c52dfb35de26d83c11a1ebeb2d58b5,2016-09,City of London Police,City of London Police,-0.084980,51.516078,On or near GREAT WINCHESTER STREET,E01032739,City of London 001F,Unable to prosecute suspect
e2b5e36070bf39221a49842f6b5a24a3eac7a3bede89d98fabcaa79a0cbdce47,2016-09,City of London Police,City of London Police,-0.081549,51.511625,On or near MINCING LANE,E01032739,City of London 001F,Investigation complete; no suspect identified
6b87405a23e9c7e984e938d45e25d83d656238a0a75f7b22d0f607ec758f1226,2016-09,City of London Police,City of London Police,,,No location,,,Investigation complete; no suspect identified
982bfd2e7741a0d34620c8e343938877a9daaee31d03c012a970776af4fcd962,2016-09,City of London Police,City of London Police,-0.100632,51.515739,On or near WARWICK LANE,E01032739,City of London 001F,Investigation complete; no suspect identified
e29f5debef709db3c6b57bc23f0ca324b75e1a8acaf39bdc3536855cfd5c01b5,2016-09,City of London Police,City of London Police,-0.092093,51.516922,On or near BASINGHALL STREET,E01000002,City of London 001B,Investigation complete; no suspect identified
ed2d391003bc57ddef582c86070768d6a763c967d3269c50f2bdf390dcfb3d4e,2016-09,City of London Police,City of London Police,-0.091732,51.521080,On or near Nightclub,E01002704,Islington 023D,Investigation complete; no suspect identified
cb5edc58bc21ed33a9270e66247077a62ae95a3e2887497ba45abc189ab78d4a,2016-09,City of London Police,City of London Police,-0.088203,51.518262,On or near MOORGATE,E01032739,City of London 001F,Unable to prosecute suspect
69e7639fdd8fb46b845ac5aa58ec1e1166dc441e7ac4b7b59e5f54efe3f7421a,2016-09,City of London Police,City of London Police,-0.079786,51.517576,On or near Police Station,E01032739,City of London 001F,Investigation complete; no suspect identified
b91efbc6a1fb9b5729723937ab04fd8d4fa7a49eed709e2a33ac7b4246ffe898,2016-09,City of London Police,City of London Police,-0.089465,51.510855,On or near GOPHIR LANE,E01032739,City of London 001F,Investigation complete; no suspect identified
a069facce37216d15ec241290a8ce8893a67622bf4897c8b887f4eb78c4909a8,2016-09,City of London Police,City of London Police,-0.092719,51.512652,On or near QUEEN VICTORIA STREET,E01032739,City of London 001F,Investigation complete; no suspect identified
fa6ca30107b3e2a7106e97dbfa0138aff9d5ddd0ce07757250cebd1d1bdf4075,2016-09,City of London Police,City of London Police,-0.079786,51.517576,On or near Police Station,E01032739,City of London 001F,Investigation complete; no suspect identified
e5ab9c5dd224ef2db5bce603647b73d8f93663f7e1289444617f6ab519b4804c,2016-09,City of London Police,City of London Police,-0.080376,51.517244,On or near Supermarket,E01032739,City of London 001F,Investigation complete; no suspect identified
ffe2d39b77dc87d725a1cce2dc6b42b2a30b36ee1a068869fcf6326f3349f372,2016-09,City of London Police,City of London Police,-0.108175,51.512830,On or near Parking Area,E01032740,City of London 001G,Investigation complete; no suspect identified
85299d8bcfb081f3b91795ee0a071b9c40783d9129d3f03a627e461067790292,2016-09,City of London Police,City of London Police,-0.085669,51.515100,On or near AUSTIN FRIARS,E01032739,City of London 001F,Unable to prosecute suspect
35215b78050d016eb4b5ed294b96524303ab8a0a96f21308bf97664434e20d1f,2016-09,City of London Police,City of London Police,-0.084723,51.514986,On or near Conference/Exhibition Centre,E01032739,City of London 001F,Investigation complete; no suspect identified
75212b3a65e128b0065b40c949791614b9eb7c38964a75c365fb936f4c5ea4a3,2016-09,City of London Police,City of London Police,-0.101345,51.518709,On or near Parking Area,E01032740,City of London 001G,Investigation complete; no suspect identified
0bf14d0dcae5e6ebee26e5a5a2779e69cc21893991b3742135efb30d86b422cb,2016-09,City of London Police,City of London Police,-0.082571,51.514753,On or near GREAT ST HELEN'S,E01032739,City of London 001F,Investigation complete; no suspect identified
d846fb460b70bf1932cdc3f174626758c48264f3a72d8878005ff75b6763a366,2016-09,City of London Police,City of London Police,-0.079786,51.517576,On or near Police Station,E01032739,City of London 001F,Unable to prosecute suspect
49b0a244a1cd638c73ba3b2b55eefb6f5136ef4f3a68fa24ecf90913503732de,2016-09,City of London Police,City of London Police,-0.079448,51.511554,On or near FENCHURCH PLACE,E01032739,City of London 001F,Unable to prosecute suspect
8f0690b2ea033c933e531b64139f7e6c23068cf4e4b3d61a87ab1159bd0bbf70,2016-09,City of London Police,City of London Police,-0.086278,51.509876,On or near FISH STREET HILL,E01032739,City of London 001F,Investigation complete; no suspect identified
dad3e511e9d70d72913ab8443de22256d49b3fe4b672d4a6d3e489750b79c756,2016-09,City of London Police,City of London Police,-0.094197,51.510734,On or near KENNETT WHARF LANE,E01032739,City of London 001F,Investigation complete; no suspect identified
69a43ba625b609d56144f05434d5808997597ba8a3181c5e34952680ff55d082,2016-09,City of London Police,City of London Police,-0.096075,51.514766,On or near FOSTER LANE,E01032739,City of London 001F,Investigation complete; no suspect identified
f5c69dda29a6f6f987fcd5337906e9c257db39ba323fa6d5af37d95dfe0786bf,2016-09,City of London Police,City of London Police,-0.084967,51.512598,On or near BELL INN YARD,E01032739,City of London 001F,Investigation complete; no suspect identified
54c277347cabc53d57c9357ff440642b4e5925d8a185b4d0565aba636723cbfb,2016-09,City of London Police,City of London Police,-0.086728,51.510477,On or near KING WILLIAM STREET,E01032739,City of London 001F,Investigation complete; no suspect identified
16bf0b21ac1d67572a279fe692149557131ccba90bfbbaa09695743b5443384c,2016-09,City of London Police,City of London Police,-0.101345,51.518709,On or near Parking Area,E01032740,City of London 001G,Investigation complete; no suspect identified
09eb292df16832c475e5eddc87758e407ba135d1e6581e39d4d014d3daffc2bf,2016-09,City of London Police,City of London Police,-0.082571,51.514753,On or near GREAT ST HELEN'S,E01032739,City of London 001F,Unable to prosecute suspect
6c75eb70228753402e5e2ac3be07b38c39f54de2cf253c56b2c5b967b6d865b5,2016-09,City of London Police,City of London Police,,,No location,,,Unable to prosecute suspect
6676f819efcd6a0fb55940ce69909bfb78238e77ae3c6c7966fa9ad07baa7eca,2016-09,City of London Police,City of London Police,-0.086051,51.513569,On or near FINCH LANE,E01032739,City of London 001F,Unable to prosecute suspect
c4abf7cb9f18ab2f95ec2bd86d437e56be247bd4b02bf930231490c3f7fec698,2016-09,City of London Police,City of London Police,-0.085355,51.510563,On or near PUDDING LANE,E01032739,City of London 001F,Local resolution
c5643c3334813f764ed90689b926a8b1fe77a4b89434148bdef6f483a2ad5bef,2016-09,City of London Police,City of London Police,-0.101794,51.516207,On or near NEWGATE STREET,E01032740,City of London 001G,Offender given a caution
862afe6b547bae778a55cbcea58a503cbf06b9c1894491005858d587f85b4249,2016-09,City of London Police,City of London Police,-0.096114,51.520747,On or near Park/Open Space,E01000003,City of London 001C,Offender given a drugs possession warning
aec3fae5b6f0e6ab822e12e6867756c28885215c3705a9ba2af47e44db3b0538,2016-09,City of London Police,City of London Police,-0.097601,51.520699,On or near CARTHUSIAN STREET,E01000001,City of London 001A,Offender given a drugs possession warning
5e4be1677d5392e20e3b1b41b9024ba7e7a329cc4f46933e371faffc347dff9d,2016-09,City of London Police,City of London Police,-0.109155,51.516668,On or near FETTER LANE,E01032740,City of London 001G,Offender given a caution
b0208a166c79a9c0d33a3c2ebef3d345004e89faa9a11215600ac8d51277c94c,2016-09,City of London Police,City of London Police,-0.096363,51.513377,On or near NEW CHANGE,E01032739,City of London 001F,Offender given a caution
fa9ae982cf9f4d407836ac0639469fa6814e270ab5002a42958bded892abb91d,2016-09,City of London Police,City of London Police,,,No location,,,Offender given a caution
155048939df6a768b9c7e79b55d3a2b5c6bdb8ea2dfdd5cded49dd0c1349a86f,2016-09,City of London Police,City of London Police,-0.105134,51.513869,On or near BRIDE LANE,E01032740,City of London 001G,Offender given a drugs possession warning
fa7e291722db842075d76198def1c76008f9cf421cbcb95d8148fad90192ed61,2016-09,City of London Police,City of London Police,-0.078484,51.517680,On or near CATHERINE WHEEL ALLEY,E01032739,City of London 001F,Offender given a drugs possession warning
29dad8b20062def570423a53b986d29a3dc70c4395cce3698584327f3896091a,2016-09,City of London Police,City of London Police,-0.078484,51.517680,On or near CATHERINE WHEEL ALLEY,E01032739,City of London 001F,Offender given a drugs possession warning
5abf4b66f118da5ca3007406f284f72baa8f55b33b8c8d7fce92a26b62b8f34a,2016-09,City of London Police,City of London Police,-0.078484,51.517680,On or near CATHERINE WHEEL ALLEY,E01032739,City of London 001F,Offender given a caution
49e930b55c941ddd517012180396630f32bb42e39355d05fb823a740e17b654d,2016-09,City of London Police,City of London Police,-0.102721,51.515404,On or near ST GEORGES'S COURT,E01032740,City of London 001G,Offender given a drugs possession warning
b8962a595c190f023d032ca496ad538155d1ed639abdf5ac29c05bb20cfea07a,2016-09,City of London Police,City of London Police,-0.082571,51.514753,On or near GREAT ST HELEN'S,E01032739,City of London 001F,Offender given a caution
08a6ae9d062a43fa1593b59870ac6b51881ef37d5432c9ea755a8a488d1535a8,2016-09,City of London Police,City of London Police,-0.086624,51.511923,On or near CLEMENT'S LANE,E01032739,City of London 001F,Offender given a caution
8326801e78297a73e617ed3818db1e0617124f06e20387c999bb789c864faf76,2016-09,City of London Police,City of London Police,-0.086624,51.511923,On or near CLEMENT'S LANE,E01032739,City of London 001F,Offender given a drugs possession warning
3a6f6b402cc6ef14f7034642cf9b70ec2f397deab6eab861d4922f916eaaf4ec,2016-09,City of London Police,City of London Police,-0.086624,51.511923,On or near CLEMENT'S LANE,E01032739,City of London 001F,Local resolution
ae2dcb08e9f8cdb53fefa598c72f67a356b40b671f839a691199c02a070b8f9e,2016-09,City of London Police,City of London Police,-0.085173,51.518680,On or near FINSBURY AVENUE,E01032739,City of London 001F,Offender given a caution
75c956fec60a59e5f2c890db3c248fd980a940695576512db52799b6a0644ecd,2016-09,City of London Police,City of London Police,-0.088767,51.520303,On or near FINSBURY STREET,E01002704,Islington 023D,Offender given a caution
c4198e83050806b1d39bf378602c682965d22b058d5ba0d219e27365c1b63941,2016-09,City of London Police,City of London Police,-0.088767,51.520303,On or near FINSBURY STREET,E01002704,Islington 023D,Offender given a caution
59bcf2e6a83e1aa2d21891aac70c1dc32e500dda6628f7c6bccc79047e288e49,2016-09,City of London Police,City of London Police,-0.101073,51.513453,On or near CREED LANE,E01032739,City of London 001F,Investigation complete; no suspect identified
36b9c70bfa30b7fcbecc9e07cf94b8b00011574a6243a4c7c504ceee8ee36d01,2016-09,City of London Police,City of London Police,-0.088241,51.510835,On or near LAURENCE POUNTNEY LANE,E01032739,City of London 001F,Investigation complete; no suspect identified
78e638db0ae0ce95da80dd446f3fb61571d19a10abe9b1eedee2ecee49b82af4,2016-09,City of London Police,City of London Police,-0.082913,51.513463,On or near LEADENHALL STREET,E01032739,City of London 001F,Investigation complete; no suspect identified
1557228ecd16fc24e5fcb93444ecb6a2c4ba6a6660b1de7c9564e89e12c53e98,2016-09,City of London Police,City of London Police,,,No location,,,Investigation complete; no suspect identified
83df8ee0b8920602b86291f9cc54efd931acb2ba9c1ae328a99d5c380338902f,2016-09,City of London Police,City of London Police,-0.091720,51.513454,On or near Supermarket,E01032739,City of London 001F,Investigation complete; no suspect identified
b50873366eb4d196fc5123ccf4900f5f348549d6316763fc581ba1d536f49462,2016-09,City of London Police,City of London Police,-0.097645,51.515142,On or near ST MARTIN'S LE GRAND,E01032739,City of London 001F,Offender given a caution
b5e34eb8803b7eea3c0a6a68540afee6fef5b649951ed668784dda8cc19dfac3,2016-09,City of London Police,City of London Police,-0.086624,51.511923,On or near CLEMENT'S LANE,E01032739,City of London 001F,Local resolution
d5a0e724db2304011386f8ca33014a12a0df45bd21079cc2b8b7ddcefdd6d80f,2016-09,City of London Police,City of London Police,-0.086624,51.511923,On or near CLEMENT'S LANE,E01032739,City of London 001F,Local resolution
92b76cb0b1d9aaa2e614d9d16698e9e205ecbdc8541e966aea47cb2a8dfb2eec,2016-09,City of London Police,City of London Police,-0.080376,51.517244,On or near Supermarket,E01032739,City of London 001F,Investigation complete; no suspect identified
101a8e6056e84ef6398c6f42d4155379669e719c943f0aaa2a145415e6df830e,2016-09,City of London Police,City of London Police,-0.094720,51.514420,On or near WOOD STREET,E01032739,City of London 001F,Investigation complete; no suspect identified
e5826ccec40a12cc45144ba63719ef3948390e6e5695c36b39b94988c1e0ef64,2016-09,City of London Police,City of London Police,-0.084105,51.515281,On or near Conference/Exhibition Centre,E01032739,City of London 001F,Investigation complete; no suspect identified
ba57abd37724aa0c564a9ea8566360bfad4cde4459e49da3e20ae3001fce7416,2016-09,City of London Police,City of London Police,-0.084566,51.517690,On or near BLOMFIELD STREET,E01032739,City of London 001F,Local resolution
51abb8a271381f20202cd080a915314d0ec3a145c5aea18f0d129c155a9181b8,2016-09,City of London Police,City of London Police,-0.104281,51.516032,On or near BEAR ALLEY,E01032740,City of London 001G,Offender given a drugs possession warning
f2fd493a92c678f5392eab122222fa7f628acc81046f7032dfd9fcfd0093f27a,2016-09,City of London Police,City of London Police,-0.079613,51.517231,On or near NEW STREET,E01032739,City of London 001F,Investigation complete; no suspect identified
a23a6d47d7b42bbc4a5ec83ac2ffd97466783fae8d54731b5228711854d2a1ef,2016-09,City of London Police,City of London Police,-0.097601,51.520699,On or near CARTHUSIAN STREET,E01000001,City of London 001A,Investigation complete; no suspect identified
331786ca28365deb28a9f0360c7c883dc33ec085710174e7280d051ccd65ebc0,2016-09,City of London Police,City of London Police,-0.081580,51.520510,On or near PINDAR STREET,E01032739,City of London 001F,Investigation complete; no suspect identified
94512f355cc82cc449bc3ab9d4832ff6da8a6774441340a30b03b934dca4370a,2016-09,City of London Police,City of London Police,-0.088203,51.518262,On or near MOORGATE,E01032739,City of London 001F,Investigation complete; no suspect identified
4e2d9a17e83fc59e47bfc7417ce660bd8317fd83c87609e979a44cd492d2413a,2016-09,City of London Police,City of London Police,-0.090203,51.511118,On or near SCOTT'S YARD,E01032739,City of London 001F,Investigation complete; no suspect identified
ae652f935a1e775015b03062575124d2d3bf61cc017e6095eb76db3658a0bae0,2016-09,City of London Police,City of London Police,,,No location,,,Offender given a caution
e3ec2d70e545384e777ecda89ba65c6e771f3b326460832361c31626676f8e08,2016-09,City of London Police,City of London Police,-0.096561,51.514513,On or near CHEAPSIDE,E01032739,City of London 001F,Offender given a caution
481792e92d7206f1008ded0d093da5d12a906d4afaa9a9c5fdaae43cc63b58de,2016-09,City of London Police,City of London Police,-0.079786,51.517576,On or near Police Station,E01032739,City of London 001F,Suspect charged
a76c2be165f46212c039c38fc906563cb468f62a93d80c433b3aa6ced5fd09ab,2016-09,City of London Police,City of London Police,-0.082571,51.514753,On or near GREAT ST HELEN'S,E01032739,City of London 001F,Suspect charged
8048271ba9f94f6c32c9d1c71a7d27ddd5cbe5ada1496aa9334062bb93b5635b,2016-09,City of London Police,City of London Police,-0.101452,51.512650,On or near ST ANDREW'S HILL,E01032739,City of London 001F,Suspect charged
85e36af2465e6eb1f12d33ade326af9951717a4eca684c772a273a288b7dd021,2016-09,City of London Police,City of London Police,,,No location,,,Suspect charged
85e36af2465e6eb1f12d33ade326af9951717a4eca684c772a273a288b7dd021,2016-09,City of London Police,City of London Police,,,No location,,,Suspect charged
6708e0b31dbc2e1c86174fde401cbeffcb300aa3f3f0fc103af997f575e5004e,2016-09,City of London Police,City of London Police,-0.092321,51.513194,On or near PANCRAS LANE,E01032739,City of London 001F,Suspect charged
4217b3b17197fa0fa634f89ec299fd7537562615218b859704f3dd18f72efd77,2016-09,City of London Police,City of London Police,-0.094628,51.514203,On or near CHEAPSIDE,E01032739,City of London 001F,Suspect charged
cbc63d80694ff6339e5e0cc3ba7db3281b1690be184b359134d6ecb9fab44933,2016-09,City of London Police,City of London Police,-0.096348,51.515472,On or near FOSTER LANE,E01000001,City of London 001A,Suspect charged
1d585b474ba98d003554e6f1ec643653023ede373c4e5d7c469581dbc60dbc88,2016-09,City of London Police,City of London Police,-0.092321,51.513194,On or near PANCRAS LANE,E01032739,City of London 001F,Suspect charged
a2d8920694b34344367d11025a7d510d09cc25646ec994d7850cbfc485b8f538,2016-09,City of London Police,City of London Police,-0.096643,51.512545,On or near DISTAFF LANE,E01032739,City of London 001F,Suspect charged
28b4b536c0f4605290e4033ff80d24ff9d6c72587a6b632fdccdd7effa0e7caf,2016-09,City of London Police,City of London Police,-0.084095,51.516900,On or near NEW BROAD STREET,E01032739,City of London 001F,Suspect charged
a46bb37309a5ee0d00701f43ea1a6bde3c302e6a4b4e9821574dff3ac78319d3,2016-09,City of London Police,City of London Police,-0.096561,51.514513,On or near CHEAPSIDE,E01032739,City of London 001F,Suspect charged
d7d8bb82c12ab24fe9e780dba4b53b6f302d72bc19b234a33f25af17d953660d,2016-09,City of London Police,City of London Police,-0.085355,51.510563,On or near PUDDING LANE,E01032739,City of London 001F,Suspect charged
357db3f375b8b1b14d8651dae681011898b682dcf5c9fbc8f6bda59aadf14046,2016-09,City of London Police,City of London Police,,,No location,,,Suspect charged
8482d000d8a792f6b1b68e540520ff7fc56545fdb77763f699421286d34dea82,2016-09,City of London Police,City of London Police,-0.078308,51.518091,On or near WIDEGATE STREET,E01032739,City of London 001F,Suspect charged
0dafbd221f2af4c25062e888ae1d4aa1283b76758963c6c3097b03fc15bdf224,2016-09,City of London Police,City of London Police,-0.086624,51.511923,On or near CLEMENT'S LANE,E01032739,City of London 001F,Local resolution
4eaabf9cf20922d9b06811c93d92b74cde1a2eadfad70bdd8d5eb67164b3b138,2016-09,City of London Police,City of London Police,-0.084967,51.512598,On or near BELL INN YARD,E01032739,City of London 001F,Suspect charged
fd2ab5456252eb1c73171c9cb17414bd442b9d1e20badb61af70ba3a7c5d0d78,2016-09,City of London Police,City of London Police,-0.094628,51.514203,On or near CHEAPSIDE,E01032739,City of London 001F,Suspect charged
0dafbd221f2af4c25062e888ae1d4aa1283b76758963c6c3097b03fc15bdf224,2016-09,City of London Police,City of London Police,-0.086624,51.511923,On or near CLEMENT'S LANE,E01032739,City of London 001F,Suspect charged
3c05aba6bec8fc520555bbd00d859f6d5e45d13b3960d0fce7d2f029d046a7d3,2016-09,City of London Police,City of London Police,-0.076592,51.514367,On or near Pedestrian Subway,E01000005,City of London 001E,Suspect charged
d8e92ac3a9adff5a3497308a469cf65ab6e6990c0b499d881c39b2e774ce7f2c,2016-09,City of London Police,City of London Police,-0.083086,51.511407,On or near ROOD LANE,E01032739,City of London 001F,Suspect charged
3e8050d5eee60331cb4d3a5435c12ef3ec276a3d29d1caa80880d95b2a9c1242,2016-09,City of London Police,City of London Police,-0.079786,51.517576,On or near Police Station,E01032739,City of London 001F,Suspect charged
17b4872507a754f937a943ce460a7cbc4f58cc29abd76f3b3fd0f70a3a769775,2016-09,City of London Police,City of London Police,-0.101794,51.516207,On or near NEWGATE STREET,E01032740,City of London 001G,Suspect charged
75bbdf11667cf49a6c9553f208abcf394008d80738e385eb2ede70d49ac21c1d,2016-09,City of London Police,City of London Police,,,No location,,,Suspect charged
c6a2d73795df5e4742227c2249301f1ebceee5438b03207a6b1a8f24c9534519,2016-09,City of London Police,City of London Police,-0.086278,51.509876,On or near FISH STREET HILL,E01032739,City of London 001F,Suspect charged
df60a3672a000fda51634d6a7538af364f21fe7c828223b967ef669798dec7d8,2016-09,City of London Police,City of London Police,-0.086278,51.509876,On or near FISH STREET HILL,E01032739,City of London 001F,Suspect charged
6d6a531222254babbe81027a3fe4e5b9b1e8c01c51f0a54a7306794eb7800f4f,2016-09,City of London Police,City of London Police,-0.089465,51.510855,On or near GOPHIR LANE,E01032739,City of London 001F,Suspect charged
39d0c20413ac3d6f2d58c64b048800d2a5347e1b10fd723e2477fa0601b485ae,2016-09,City of London Police,City of London Police,-0.083086,51.511407,On or near ROOD LANE,E01032739,City of London 001F,Suspect charged
4217b3b17197fa0fa634f89ec299fd7537562615218b859704f3dd18f72efd77,2016-09,City of London Police,City of London Police,-0.094628,51.514203,On or near CHEAPSIDE,E01032739,City of London 001F,Suspect charged
651ee7ae6c4d85886454ce6d02881df4a3ff4a5fdc15fe3f5770aed58004ce33,2016-09,City of London Police,City of London Police,-0.088995,51.512088,On or near ST SWITHIN'S LANE,E01032739,City of London 001F,Suspect charged
2a00811030e4bf37271c2e3a638be9c8da05d5ed71187fc819905035fc37394b,2016-09,City of London Police,City of London Police,-0.109155,51.516668,On or near FETTER LANE,E01032740,City of London 001G,Suspect charged
af82a033e54599286b77a20e720928c064487161b22ffa653a36642b3060133c,2016-09,City of London Police,City of London Police,-0.079283,51.511021,On or near SEETHING LANE,E01032739,City of London 001F,Suspect charged
985319dcb275f4e95ef3e38b4890195556d9495d5be906056c2c81c985b0cff5,2016-09,City of London Police,City of London Police,-0.080322,51.510651,On or near MARK LANE,E01032739,City of London 001F,Suspect charged
b5b3e43c0f62ac4adac1f9231fb7d15f7e1b962e895e9852b227847c8bc7811c,2016-09,City of London Police,City of London Police,-0.100179,51.514158,On or near Shopping Area,E01032739,City of London 001F,Suspect charged
45add3453a9c33d867cb784a436230703d460e06469c196dc9e0cbd83bc1ad3a,2016-09,City of London Police,City of London Police,-0.088995,51.512088,On or near ST SWITHIN'S LANE,E01032739,City of London 001F,Suspect charged
a37e03e570d389190658ecf170b997eba7e12bb899116db237ca399cbe9086f9,2016-09,City of London Police,City of London Police,-0.096643,51.512545,On or near DISTAFF LANE,E01032739,City of London 001F,Suspect charged
0960783ecd9a9e4797d7c1c3a36bb8a641e290e2efa3cc5c959f666479abf425,2016-09,City of London Police,City of London Police,-0.085310,51.518511,On or near ELDON STREET,E01032739,City of London 001F,Suspect charged
e385d940801b8efcdb025f2cf11c674d0d4b241ef639b50ef9da4195cc8ed5a7,2016-09,City of London Police,City of London Police,-0.093465,51.514463,On or near RUSSIA ROW,E01032739,City of London 001F,Suspect charged
67783c3fee9169043a5bfbb444eaf254bf9c4506c834f80d6b24d3b861995d47,2016-09,City of London Police,City of London Police,-0.086624,51.511923,On or near CLEMENT'S LANE,E01032739,City of London 001F,Suspect charged
f084fa266f64a32879f36fa44c5cd2d3aa0cf9df75a41097f522204782df8e4d,2016-09,City of London Police,City of London Police,-0.086624,51.511923,On or near CLEMENT'S LANE,E01032739,City of London 001F,Suspect charged
ca7a368e5edf157c54b0a1f1e3c65a6dbbf9b43d0ed72035d1a5909c36e1d3e5,2016-09,City of London Police,City of London Police,-0.083296,51.517058,On or near OLD BROAD STREET,E01032739,City of London 001F,Suspect charged
f436dbf0821e07540ee27e0c424e8bd7e6329b2a4e3debbd57eebf06c09dc8b2,2016-09,City of London Police,City of London Police,-0.087118,51.513199,On or near Nightclub,E01032739,City of London 001F,Suspect charged
15072ae306e39ae66743c1f2bc1974369416049a914ad60bb3af5c27ea2041e4,2016-09,City of London Police,City of London Police,-0.097973,51.512108,On or near DISTAFF LANE,E01032739,City of London 001F,Suspect charged
91f341be98126acec1dc0f1fe45732caa6804685798fb2461cca07edb2ebc5c4,2016-09,City of London Police,City of London Police,-0.098777,51.512526,On or near KNIGHTRIDER STREET,E01032739,City of London 001F,Investigation complete; no suspect identified
bbafbb01ce8f82457fb5764f40190254643fd2c6ad55e81dc240714f69d2efaa,2016-09,City of London Police,City of London Police,-0.091823,51.514418,On or near IRONMONGER LANE,E01032739,City of London 001F,Unable to prosecute suspect
39703962317f659a387b506838121b44d562f877b6d79d13462f2dfe0050fc25,2016-09,City of London Police,City of London Police,-0.078924,51.508587,On or near PETTY WALES,E01032739,City of London 001F,Investigation complete; no suspect identified
b9d9956730248d638b20be1d25abf34397283c5cf5554174ecf824c211338c36,2016-09,City of London Police,City of London Police,-0.078856,51.518433,On or near ARTILLERY LANE,E01032739,City of London 001F,Investigation complete; no suspect identified
e98364310be9cdb54028dad2ec29e7a9193e151ad5d345f6b75fef898d75a9f8,2016-09,City of London Police,City of London Police,,,No location,,,Investigation complete; no suspect identified
849fb766a866444fa3afa49f067b4cac8d49d6300b59231905a8d2294a03d035,2016-09,City of London Police,City of London Police,-0.074901,51.506255,On or near A100,E01004293,Tower Hamlets 027B,Unable to prosecute suspect
c41d22bc9af857f80f8f580747900425ceb2bbca3d152f75b407c8773aa0b279,2016-09,City of London Police,City of London Police,-0.080376,51.517244,On or near Supermarket,E01032739,City of London 001F,Unable to prosecute suspect
ec07d2ff4798c7172e8ff09d8bf1942219c84f4ccd55605c89eb720825a99a8a,2016-09,City of London Police,City of London Police,-0.084566,51.517690,On or near BLOMFIELD STREET,E01032739,City of London 001F,Investigation complete; no suspect identified
e9a21993644b11eaa2b4b7a40b17deb20451510becc199a7f262776d66a6b353,2016-09,City of London Police,City of London Police,-0.080728,51.511611,On or near Supermarket,E01032739,City of London 001F,Investigation complete; no suspect identified
68b07795d1012a0f91fdda7529f98e097199a40ccc1bbddc9ac8cd1626114aa9,2016-09,City of London Police,City of London Police,-0.084980,51.516078,On or near GREAT WINCHESTER STREET,E01032739,City of London 001F,Unable to prosecute suspect
dfaaf15b2bd214c56838c1cdb36015728889edb3bfa150c508bd01571f4e2577,2016-09,City of London Police,City of London Police,-0.080146,51.514848,On or near BURY COURT,E01032739,City of London 001F,Investigation complete; no suspect identified
64c50eccb53e499023ad96dcde0b65f66b5139fa9628768f9ef0b8736086566c,2016-09,City of London Police,City of London Police,-0.088042,51.511794,On or near ABCHURCH LANE,E01032739,City of London 001F,Investigation complete; no suspect identified
d9e51c8a38f5223501c7476f26310edb2659d623bf7c9384d913b03178c2d24c,2016-09,City of London Police,City of London Police,-0.074901,51.506255,On or near A100,E01004293,Tower Hamlets 027B,Offender given penalty notice
063eb1de4b65f8ae3c81bc9fdf94494fdb9e3668cecef9b19ee0415672f84a17,2016-09,City of London Police,City of London Police,-0.079674,51.514409,On or near BURY STREET,E01032739,City of London 001F,Investigation complete; no suspect identified
7f16fff47cb932d73cc2b36cd54073a5fb68bff6218245f84f99b57a8df2f84d,2016-09,City of London Police,City of London Police,-0.090348,51.519358,On or near MOOR LANE,E01000002,City of London 001B,Unable to prosecute suspect
13c0d95ada660d884e86e0255e024062eb194bb263691582806eda80722f8a96,2016-09,City of London Police,City of London Police,-0.083993,51.511440,On or near PHILPOT LANE,E01032739,City of London 001F,Suspect charged
7ddb6f90b97abba78327075adf5ad290465f14310c238a20a08769873e550ae3,2016-09,City of London Police,City of London Police,-0.097645,51.515142,On or near ST MARTIN'S LE GRAND,E01032739,City of London 001F,Investigation complete; no suspect identified
748f30cd21070e6b1dc0e974211097c83b1213856eb613ee1d7bf552ceb07bf9,2016-09,City of London Police,City of London Police,,,No location,,,Investigation complete; no suspect identified
0d4662ca07db3790d3fc627fdd49e755c59a578d1a7c3c074e81a6a5bf5820a1,2016-09,City of London Police,City of London Police,-0.104494,51.509848,On or near A201,E01032739,City of London 001F,Suspect charged
107647770acd0e050c178068fdb79d4363136ae64ace4f0d1a4e7fca31025f3f,2016-09,City of London Police,City of London Police,-0.097645,51.515142,On or near ST MARTIN'S LE GRAND,E01032739,City of London 001F,Offender given a drugs possession warning
49d87cd69a7bf9f3d0fb6dd6c29475921a7e207f24817ff357fba2d0ec3e9b66,2016-09,City of London Police,City of London Police,-0.091732,51.521080,On or near Nightclub,E01002704,Islington 023D,Investigation complete; no suspect identified
2582345361af57f5e3b91586caff72e86cc7faaa2991fad6a89bf477622c3a1b,2016-09,City of London Police,City of London Police,-0.086624,51.511923,On or near CLEMENT'S LANE,E01032739,City of London 001F,Investigation complete; no suspect identified
cd755419e2f264e511edfda377ec1a902debc29f909afd8853282e0280223f9f,2016-09,City of London Police,City of London Police,-0.078856,51.518433,On or near ARTILLERY LANE,E01032739,City of London 001F,Investigation complete; no suspect identified
16c74adb0ea3918f55818239af10bae6a1a4bec414ed4c5942a47d4da08d4389,2016-09,City of London Police,City of London Police,-0.109647,51.514887,On or near FETTER LANE,E01032740,City of London 001G,Formal action is not in the public interest
a194446362c4d0403e3f03667d5bacdae8959c8d681efcb64c894302645d3472,2016-09,City of London Police,City of London Police,-0.080322,51.510651,On or near MARK LANE,E01032739,City of London 001F,Suspect charged
0cf47944a9a898bed90da52de67f878f27b38d804d6358cd20dd3500b47ce400,2016-09,City of London Police,City of London Police,-0.112039,51.514547,On or near BELL YARD,E01004735,Westminster 018B,Investigation complete; no suspect identified
ae6931eebe95bcbc97849cccaddfa518b91046f43a9b47aaf2c45776c2a82213,2016-09,City of London Police,City of London Police,-0.079732,51.503430,On or near TOOLEY STREET,E01004027,Southwark 003E,Unable to prosecute suspect
bd4a6d15dcec68ad264ac2ac59d43a93c87616b906fdd13744dda8a0f3c73344,2016-09,City of London Police,City of London Police,-0.092040,51.515087,On or near GRESHAM STREET,E01032739,City of London 001F,Investigation complete; no suspect identified
7c549cf0d85ef1a1940cc13060366ff6aabc3e5668aa4b770a4f0d0553883907,2016-09,City of London Police,City of London Police,-0.083618,51.517288,On or near BROAD STREET AVENUE,E01032739,City of London 001F,Investigation complete; no suspect identified
e1b46af99147ebce7ff12b43f93d992aea727301136ce9a4bae572cf79575a6c,2016-09,City of London Police,City of London Police,,,No location,,,Unable to prosecute suspect
9734d0ecac6014e8a3ae5694956c0ff185c34189147fef69196b44381fca3201,2016-09,City of London Police,City of London Police,-0.100179,51.514158,On or near Shopping Area,E01032739,City of London 001F,Investigation complete; no suspect identified
1fbcedafc6d56cf16a47843cb204253d4888c70574d07af4a9ea942491697d86,2016-09,City of London Police,City of London Police,-0.076437,51.519050,On or near BRUSHFIELD STREET,E01004307,Tower Hamlets 015B,Investigation complete; no suspect identified
9f9de30c7d9ba8aee0c9898d37e44174bb61014ed8e2948b3ffe84dd66328576,2016-09,City of London Police,City of London Police,-0.096846,51.511478,On or near LAMBETH HILL,E01032739,City of London 001F,Investigation complete; no suspect identified
a4a48b14bc10d80e41b89f6934238982d106192167365de8a1e0705c41b017cb,2016-09,City of London Police,City of London Police,-0.080146,51.514848,On or near BURY COURT,E01032739,City of London 001F,Investigation complete; no suspect identified
ae2020713c3a212011100c36bb545fd73cb8b2211d81963c3f6d25724ac02fcb,2016-09,City of London Police,City of London Police,-0.080318,51.520678,On or near PRIMROSE STREET,E01032739,City of London 001F,Investigation complete; no suspect identified
e2f240c15008cdd81e89e2c58cfa21e8478878bcd5c41c86b39846bd112fb9a6,2016-09,City of London Police,City of London Police,-0.101055,51.513552,On or near CREED LANE,E01032739,City of London 001F,Investigation complete; no suspect identified
f9a279f3df6d8a3ee9e939ae9ed2fb46b92798d11f1e27e335e125f13705f5ee,2016-09,City of London Police,City of London Police,-0.085669,51.515100,On or near AUSTIN FRIARS,E01032739,City of London 001F,Investigation complete; no suspect identified
1dde43387c423e770aa0c8444e028b3d5a89eac7076ddc0ed6d92a81c9eeabeb,2016-09,City of London Police,City of London Police,-0.080244,51.511828,On or near MARK LANE,E01032739,City of London 001F,Investigation complete; no suspect identified
c3057c5a9a571f312144c800464ae0532866a2b9ab8bae9c249c2f9383ff49e6,2016-09,City of London Police,City of London Police,-0.079444,51.512678,On or near FENCHURCH BUILDINGS,E01032739,City of London 001F,Investigation complete; no suspect identified
bd98b083e2a5194804c3acd34ab844ec886e2fe25b2a893e4b8aa54ea793dacf,2016-09,City of London Police,City of London Police,-0.086278,51.509876,On or near FISH STREET HILL,E01032739,City of London 001F,Investigation complete; no suspect identified
8389e171957bbdbc40f51353d57434136dfed7780c99fa8ccc03fad338dc5cb9,2016-09,City of London Police,City of London Police,-0.101395,51.510913,On or near BLACKFRIARS UNDERPASS,E01032739,City of London 001F,Investigation complete; no suspect identified
7994a17637c4ccb33b7f6d2af7066d542db9d83304e8c0f5a8718fa46be641bc,2016-09,City of London Police,City of London Police,-0.107910,51.515047,On or near GOUGH SQUARE,E01032740,City of London 001G,Investigation complete; no suspect identified
bc5fcbb4a28c1629d3254d32e726da466329777ce6d59cd6fd0446e4b5a3c3e2,2016-09,City of London Police,City of London Police,-0.097562,51.518864,On or near Parking Area,E01000001,City of London 001A,Investigation complete; no suspect identified
8225af8d7057edd24cfb5992a70ecc1996c75344ae72e4231903e89bca3b13a6,2016-09,City of London Police,City of London Police,-0.102812,51.517042,On or near Police Station,E01032740,City of London 001G,Investigation complete; no suspect identified
60e94c34e8e2eef40a98a1adc762d69e8411a2288872e07382e61ebb1f4e1b54,2016-09,City of London Police,City of London Police,-0.104494,51.509848,On or near A201,E01032739,City of London 001F,Suspect charged
4985369c0ce4114e6530b817f09ad99a3b8c16b394a99282253ab1e6898f5545,2016-09,City of London Police,City of London Police,-0.112939,51.518231,On or near SOUTHAMPTON BUILDINGS,E01032740,City of London 001G,Investigation complete; no suspect identified
8ad0316f3310773a87b21d04a1dc5742e5ad750da4da5cd0928faf43aa050c71,2016-09,City of London Police,City of London Police,-0.075196,51.512609,On or near ST CLARE STREET,E01000005,City of London 001E,Investigation complete; no suspect identified
bb380b3857cc8a825d462f53e349ebd5aece8e99800f0aad0bbc5016d3e0b067,2016-09,City of London Police,City of London Police,-0.073254,51.512856,On or near MANSELL STREET,E01000005,City of London 001E,Investigation complete; no suspect identified
9f81728e5e2144a3de7189f28f379e628064b9dde882711cb65611cb1ea76e74,2016-09,City of London Police,City of London Police,-0.101055,51.513552,On or near CREED LANE,E01032739,City of London 001F,Investigation complete; no suspect identified
c60f042aee4566786346f5edb65428e56dd9b84e3de155f7c41c20e5a7899480,2016-09,City of London Police,City of London Police,-0.086051,51.513569,On or near FINCH LANE,E01032739,City of London 001F,Investigation complete; no suspect identified
bd57fe9fe69bd7a587fc251b6d36c1a0dc6e99c1dda782865f7b7cd56a411fc9,2016-09,City of London Police,City of London Police,-0.096363,51.513377,On or near NEW CHANGE,E01032739,City of London 001F,Offender given a caution
4f3c94d1a3187e45f5a5f2e2eedb7a10d058e734076cfb8a10d63d34c07289ea,2016-09,City of London Police,City of London Police,-0.080376,51.517244,On or near Supermarket,E01032739,City of London 001F,Suspect charged
c12f10f4c83f9d6b6c7645974a6b1effee931e54cc6f876d699d78835b17d450,2016-09,City of London Police,City of London Police,-0.090797,51.514482,On or near OLD JEWRY,E01032739,City of London 001F,Suspect charged
dc3dcf920cee38867a9d4102d83f6cb7436abfb98db4f5c4ab71f6f54984c2fc,2016-09,City of London Police,City of London Police,-0.088203,51.518262,On or near MOORGATE,E01032739,City of London 001F,Investigation complete; no suspect identified
8fa2893c07367c9db0c3e4c55893c404da2b3a9c86e48996612028e5753c456f,2016-09,City of London Police,City of London Police,-0.109709,51.517909,On or near HIGH HOLBORN,E01032740,City of London 001G,Investigation complete; no suspect identified
e2f5bfffc5790e2213189cf3730e02bc51f9b562c37d0a8e43a2614da063adeb,2016-09,City of London Police,City of London Police,-0.086166,51.510828,On or near EASTCHEAP,E01032739,City of London 001F,Investigation complete; no suspect identified
a5672c73e4b7f45d80618105eaca982fad7bfaeeafc5037a110b54c5c6a6349f,2016-09,City of London Police,City of London Police,-0.088473,51.518374,On or near MOOR PLACE,E01032739,City of London 001F,Investigation complete; no suspect identified
6a8512c64f8f9533909ece0b2617ea4bf4c179dd862fe3096e8f7068b1946331,2016-09,City of London Police,City of London Police,-0.109647,51.514887,On or near FETTER LANE,E01032740,City of London 001G,Formal action is not in the public interest
722f63b5cb7f5b527d86535ff75605f428f0eaf1c4e5eb8c35b2510b1b855274,2016-09,City of London Police,City of London Police,-0.085669,51.515100,On or near AUSTIN FRIARS,E01032739,City of London 001F,Investigation complete; no suspect identified
728a66aec930bb51201703d32c2983594ef9706545682196d5fe7d00952947a9,2016-09,City of London Police,City of London Police,-0.075146,51.513435,On or near Bus/Coach Station,E01000005,City of London 001E,Investigation complete; no suspect identified
350e120f4fdc7b26568fdd417800c26e1f79c3ad34251de41e75f398b8de36d5,2016-09,City of London Police,City of London Police,-0.082571,51.514753,On or near GREAT ST HELEN'S,E01032739,City of London 001F,Unable to prosecute suspect
a8093429f1de7afe71637d3d1ea2a09ddd43ae76ee01226d8aff5d66ff212f46,2016-09,City of London Police,City of London Police,-0.082913,51.513463,On or near LEADENHALL STREET,E01032739,City of London 001F,Investigation complete; no suspect identified
ba6d7b2a6cebf2d25e893963cda29d41ab4f6fb1f7a9c0319c0ec35c8d5348a4,2016-09,City of London Police,City of London Police,-0.079786,51.517576,On or near Police Station,E01032739,City of London 001F,Investigation complete; no suspect identified
21e7a91f007fb150ad38cd9f458493fe69d3f7a629decdaa31fbad7627f47caa,2016-09,City of London Police,City of London Police,-0.100884,51.516966,On or near Hospital,E01032740,City of London 001G,Investigation complete; no suspect identified
8e6bb0001b835a0d37804d91d8b1471bca5854487781ed853d2e8a8d79fc4776,2016-09,City of London Police,City of London Police,-0.101575,51.513857,On or near LUDGATE HILL,E01032739,City of London 001F,Investigation complete; no suspect identified
9673e3f8d977c996ca0006f1aa61b56052289eaf2ed9c660292ecf30955bbcc4,2016-09,City of London Police,City of London Police,-0.077300,51.512607,On or near CARLISLE AVENUE,E01032739,City of London 001F,Suspect charged
55637f7b8bc718b8fcfa5a1b9726b6a7abb89dc6369fbddd9c81bf5031b71a6f,2016-09,City of London Police,City of London Police,-0.098138,51.520609,On or near CARTHUSIAN STREET,E01033490,Islington 022H,Unable to prosecute suspect
0920951ad43bc0c3020f6225a801f3fa6ea36cb3db2d5e2c1fbb9169d974edd5,2016-09,City of London Police,City of London Police,,,No location,,,Unable to prosecute suspect
5f08aa787e9ac8b0ddf3b3d3b4a7a9228b16b22b3c8d0f0f70f7bad28efa8f2c,2016-09,City of London Police,City of London Police,-0.098062,51.517577,On or near MONTAGUE STREET,E01000001,City of London 001A,Investigation complete; no suspect identified
3c9db09771a641c49286567d02cd971017ccecd95487921c5e94f5be6e52122f,2016-09,City of London Police,City of London Police,-0.092865,51.510182,On or near Parking Area,E01032739,City of London 001F,Investigation complete; no suspect identified
ef187ea34cfe24d57101a115aae629305cf67a796fa7ab2cf3663efc6d41d24b,2016-09,City of London Police,City of London Police,-0.080146,51.514848,On or near BURY COURT,E01032739,City of London 001F,Investigation complete; no suspect identified
fbfbab16178803bb9b06d556bb19fd3dd23ae610610356d28b6b28558e671e0f,2016-09,City of London Police,City of London Police,-0.081516,51.510014,On or near GREAT TOWER STREET,E01032739,City of London 001F,Unable to prosecute suspect
b85dc75d0000a4212b07ffafb007e8f135d3da3f1122b5b5b0afccbed1ff7bb5,2016-09,City of London Police,City of London Police,-0.096900,51.510868,On or near BROKEN WHARF,E01032739,City of London 001F,Investigation complete; no suspect identified
e81aaa70f8b3ea4c533c5228c80d40f7474a2b7005595961166ddcfe79d680ae,2016-09,City of London Police,City of London Police,-0.086278,51.509876,On or near FISH STREET HILL,E01032739,City of London 001F,Investigation complete; no suspect identified
e6819a6df563e354da6dbce99ca51b039ed7e5a6e7adcc3453b6e71913fb5e24,2016-09,City of London Police,City of London Police,-0.091084,51.513830,On or near OLD JEWRY,E01032739,City of London 001F,Investigation complete; no suspect identified
7400ed49c0f18c68cf64148b2da0ec4777f2aca1a008ffb82ebd972d14435177,2016-09,City of London Police,City of London Police,-0.105134,51.513869,On or near BRIDE LANE,E01032740,City of London 001G,Investigation complete; no suspect identified
6e4c3a7d05ac29ac639fa215f88bc80dd11606202bc2d86a4562cf291673f3b8,2016-09,City of London Police,City of London Police,-0.084199,51.513394,On or near CORNHILL,E01032739,City of London 001F,Unable to prosecute suspect
9b021d058e3bd5ef064ed206097b749c7e83f3db8caee9865868b9839b1cae55,2016-09,City of London Police,City of London Police,-0.101452,51.512650,On or near ST ANDREW'S HILL,E01032739,City of London 001F,Suspect charged
5aeb65ef176a47ab6781ceb54dcf9f022fa852d8b2505fbfdb193bc182ba52de,2016-09,City of London Police,City of London Police,-0.085173,51.518680,On or near FINSBURY AVENUE,E01032739,City of London 001F,Suspect charged
c8fe0c161968fe77a2244f1bf81b0dae503ec2fb618cda77e5a8ed627ed13ff7,2016-09,City of London Police,City of London Police,-0.081938,51.513007,On or near LIME STREET,E01032739,City of London 001F,Investigation complete; no suspect identified
a6f06094e229970bc3a745be18b06e62f698df3085cf38cf1c22317e81a4415d,2016-09,City of London Police,City of London Police,-0.095400,51.515753,On or near Conference/Exhibition Centre,E01000002,City of London 001B,Investigation complete; no suspect identified
2d42acc82c94c9221fdb5cc474542b1e3d893bd791d0bacc8d9812c4799149d5,2016-09,City of London Police,City of London Police,-0.101452,51.512650,On or near ST ANDREW'S HILL,E01032739,City of London 001F,Investigation complete; no suspect identified
091b250ce6155d2ca82f7e11f6d88c3da38a0246fc96dccfa7be034906d8d601,2016-09,City of London Police,City of London Police,-0.112939,51.518231,On or near SOUTHAMPTON BUILDINGS,E01032740,City of London 001G,Investigation complete; no suspect identified
64ca369e0812b51a7640be559c74602c70f8afd41b36160ddbedb8915160fbc9,2016-09,City of London Police,City of London Police,-0.105900,51.516966,On or near PLUMTREE COURT,E01032740,City of London 001G,Investigation complete; no suspect identified
6c6ff2bc4eb4c0698db8e031799955ccb6032046efdfa0192c8d782fe6414dc8,2016-09,City of London Police,City of London Police,-0.096363,51.513377,On or near NEW CHANGE,E01032739,City of London 001F,Investigation complete; no suspect identified
02c57cec9d94f3ac06886ede2358d1e5eaaa7b942587046198089013ab3c6411,2016-09,City of London Police,City of London Police,-0.107147,51.517130,On or near ST ANDREW STREET,E01032740,City of London 001G,Unable to prosecute suspect
7d5bd2add887139910acfaf5795dfd8b88bdc5dc993abe32e33e35925247f9f0,2016-09,City of London Police,City of London Police,-0.092865,51.510182,On or near Parking Area,E01032739,City of London 001F,Investigation complete; no suspect identified
ffd0cc9afdfded81ebd6e691972bed56b13cbda8586e1b00cd9c4363383d18f5,2016-09,City of London Police,City of London Police,-0.100884,51.516966,On or near Hospital,E01032740,City of London 001G,Investigation complete; no suspect identified
dfb3128cff1b59ebe5110ff2171dff3b0b0490f41a75bccdfead017b89e37054,2016-09,City of London Police,City of London Police,-0.097562,51.518864,On or near Parking Area,E01000001,City of London 001A,Investigation complete; no suspect identified
326e1e9369ea40f847c1ef5956585d4ca4154d7c80750be00c427797ffb0f65f,2016-09,City of London Police,City of London Police,-0.093933,51.519812,On or near Conference/Exhibition Centre,E01000002,City of London 001B,Investigation complete; no suspect identified
bbddecadf292c9fb43643a48f60e45c6984f7d949659ff6b4a9469537aaeb263,2016-09,City of London Police,City of London Police,-0.087760,51.517149,On or near LONDON WALL,E01032739,City of London 001F,Suspect charged
bbddecadf292c9fb43643a48f60e45c6984f7d949659ff6b4a9469537aaeb263,2016-09,City of London Police,City of London Police,-0.087760,51.517149,On or near LONDON WALL,E01032739,City of London 001F,Suspect charged
be48a64357f783f18b0cae59d1798e33856185c79b8dcf77c3224823e73a2493,2016-09,City of London Police,City of London Police,-0.105157,51.513330,On or near Theatre/Concert Hall,E01032740,City of London 001G,Investigation complete; no suspect identified
5f731e09881905701203ec27e723bcac93fe9220ef6d474b882b4e3bbae4141c,2016-09,City of London Police,City of London Police,-0.108231,51.513928,On or near PLEYDELL STREET,E01032740,City of London 001G,Suspect charged
5f731e09881905701203ec27e723bcac93fe9220ef6d474b882b4e3bbae4141c,2016-09,City of London Police,City of London Police,-0.108231,51.513928,On or near PLEYDELL STREET,E01032740,City of London 001G,Suspect charged
220be24141b79ce4450e02c1ca44cc9d6eefc121d7e5eca13d0dd442e9f12524,2016-09,City of London Police,City of London Police,-0.094720,51.514420,On or near WOOD STREET,E01032739,City of London 001F,Unable to prosecute suspect
29073ea8b1df6fb6bf2f8147576300bad015ed2de0958f2cfe7bc43a3798bf56,2016-09,City of London Police,City of London Police,-0.094720,51.514420,On or near WOOD STREET,E01032739,City of London 001F,Unable to prosecute suspect
77249af7d0ce895b65421769c1b84ef62aa369f7c049ce942b3fea2b641136ab,2016-09,City of London Police,City of London Police,-0.090348,51.519358,On or near MOOR LANE,E01000002,City of London 001B,Offender given a caution
c9f64cf94b2a7c816a318f9a346cce9cfc433e086febe30371bb55509490d521,2016-09,City of London Police,City of London Police,-0.085310,51.518511,On or near ELDON STREET,E01032739,City of London 001F,Unable to prosecute suspect
41e83b061b391972df85af196b139f075a7166147a0d54c203cae6986d08ef42,2016-09,City of London Police,City of London Police,-0.097562,51.518864,On or near Parking Area,E01000001,City of London 001A,Investigation complete; no suspect identified
80f4fbf653d35822121a9fc2630613296f2a097097afa1545e60a95be9a50dec,2016-09,City of London Police,City of London Police,-0.098642,51.517146,On or near LITTLE BRITAIN,E01000001,City of London 001A,Investigation complete; no suspect identified
2593150b2c94f57043639edcc51473db16ef7f9f5cde5e0a5cf755576c7867b2,2016-09,City of London Police,City of London Police,-0.088843,51.509532,On or near Parking Area,E01032739,City of London 001F,Investigation complete; no suspect identified
e10338171828f8268da4e6e2644ea3ed1411053f866b5cc1e5f2b14d79f4a5e2,2016-09,City of London Police,City of London Police,-0.082628,51.518189,On or near SUN STREET PASSAGE,E01032739,City of London 001F,Investigation complete; no suspect identified
b589209f555a4b6112850870665969c2d2afc1071e1349e889bfb6bb7a4d4610,2016-09,City of London Police,City of London Police,-0.086051,51.513569,On or near FINCH LANE,E01032739,City of London 001F,Investigation complete; no suspect identified
8fd996d3f3bceb40b3cd8ea56522ef8d10d1e38d66f2ec0ad169ecdb7a7405bc,2016-09,City of London Police,City of London Police,-0.079786,51.517576,On or near Police Station,E01032739,City of London 001F,Investigation complete; no suspect identified
71c4bdbedfb280fe801c881288f8bbb079f588666d4799b5b0a643d9fc147aa3,2016-09,City of London Police,City of London Police,-0.090985,51.516886,On or near BASINGHALL AVENUE,E01032739,City of London 001F,Investigation complete; no suspect identified
bad1338b9ecbe2caa15e48fe35b71a59aeb84ab10210c05670b185b7e4066f38,2016-09,City of London Police,City of London Police,-0.097562,51.518864,On or near Parking Area,E01000001,City of London 001A,Unable to prosecute suspect
685356db6d57cded56e4e8b7699b94300e0866fa68221054d20b319ff73f3bac,2016-09,City of London Police,City of London Police,-0.094464,51.512959,On or near WATLING COURT,E01032739,City of London 001F,Investigation complete; no suspect identified
90141e3918cdf9dbd52df8f2c681309d0f99ee7bc173e50974aee681e35075ed,2016-09,City of London Police,City of London Police,-0.104494,51.509848,On or near A201,E01032739,City of London 001F,Suspect charged
a35567535d89b4ec1477180f29521dd598865735f45b774eacae587b85b3f0bf,2016-09,City of London Police,City of London Police,-0.096348,51.515472,On or near FOSTER LANE,E01000001,City of London 001A,Investigation complete; no suspect identified
58fd70486e07b34ee12df55d85b4d7363ab3a18b2529271e928fb838e339072d,2016-09,City of London Police,City of London Police,,,No location,,,Investigation complete; no suspect identified
620850e088b5b5256aedb22e2a8d3c250ff7dcc30649f95dcc83ad3708275ada,2016-09,City of London Police,City of London Police,-0.079162,51.514940,On or near BEVIS MARKS,E01032739,City of London 001F,Investigation complete; no suspect identified
2f0b4eab2f0413ecd35fc171d3ee0b9bad4d02616601ed793f880b313ec9bc20,2016-09,City of London Police,City of London Police,-0.094628,51.514203,On or near CHEAPSIDE,E01032739,City of London 001F,Suspect charged
240086b6ac222a9edf2c7cbdc68ddbce7e2fc961d2597c0b9738079fb01c9448,2016-09,City of London Police,City of London Police,-0.082527,51.512027,On or near CULLUM STREET,E01032739,City of London 001F,Investigation complete; no suspect identified
4eaabf9cf20922d9b06811c93d92b74cde1a2eadfad70bdd8d5eb67164b3b138,2016-09,City of London Police,City of London Police,-0.084967,51.512598,On or near BELL INN YARD,E01032739,City of London 001F,Offender given conditional discharge
4f092db5edede43188ae1fba0a0f0b0cee9d140398826e24d2aa4a473d34d50e,2016-09,City of London Police,City of London Police,-0.075196,51.512609,On or near ST CLARE STREET,E01000005,City of London 001E,Offender sent to prison
f81c8bfd087257420275ea6768ba0d91c97b41cd21c08d50b62c46bbf4a9a85a,2016-09,City of London Police,City of London Police,-0.079786,51.517576,On or near Police Station,E01032739,City of London 001F,Offender sent to prison
7d6dd69aead0d39edc5ece6b8fe8e6610cb5d313f51fb4a59f6ca031f4af81b3,2016-09,City of London Police,City of London Police,-0.082965,51.516351,On or near WORMWOOD STREET,E01032739,City of London 001F,Offender fined
28b4b536c0f4605290e4033ff80d24ff9d6c72587a6b632fdccdd7effa0e7caf,2016-09,City of London Police,City of London Police,-0.084095,51.516900,On or near NEW BROAD STREET,E01032739,City of London 001F,Offender sent to prison
a46bb37309a5ee0d00701f43ea1a6bde3c302e6a4b4e9821574dff3ac78319d3,2016-09,City of London Police,City of London Police,-0.096561,51.514513,On or near CHEAPSIDE,E01032739,City of London 001F,Offender sent to prison
5f731e09881905701203ec27e723bcac93fe9220ef6d474b882b4e3bbae4141c,2016-09,City of London Police,City of London Police,-0.108231,51.513928,On or near PLEYDELL STREET,E01032740,City of London 001G,Offender sent to prison
d771458cf706d2891e24a104f410e3f56b1b511ef6eb073879d61fe4d2d6c00c,2016-09,City of London Police,City of London Police,-0.080782,51.514804,On or near ST MARY AXE,E01032739,City of London 001F,Offender given conditional discharge
f436dbf0821e07540ee27e0c424e8bd7e6329b2a4e3debbd57eebf06c09dc8b2,2016-09,City of London Police,City of London Police,-0.087118,51.513199,On or near Nightclub,E01032739,City of London 001F,Offender given suspended prison sentence
17ce160fe18ce82724e1b4cd6ffcef71d948bf7a45dbb61fb969ee4214a5fb3d,2016-09,City of London Police,City of London Police,-0.085355,51.510563,On or near PUDDING LANE,E01032739,City of London 001F,Offender sent to prison
9b780dabf3bcb435189c97a801ef3aa78ad8f7bee903a238f7d584364224fa5c,2016-09,City of London Police,City of London Police,-0.096561,51.514513,On or near CHEAPSIDE,E01032739,City of London 001F,Offender given suspended prison sentence
b5b3e43c0f62ac4adac1f9231fb7d15f7e1b962e895e9852b227847c8bc7811c,2016-09,City of London Police,City of London Police,-0.100179,51.514158,On or near Shopping Area,E01032739,City of London 001F,Offender sent to prison
23ea4fb98578a166ec81432e1a9e27c3e155375194b0a9428cb71cccad03996f,2016-09,City of London Police,City of London Police,-0.074330,51.513647,On or near LITTLE SOMERSET STREET,E01000005,City of London 001E,Offender sent to prison
9b021d058e3bd5ef064ed206097b749c7e83f3db8caee9865868b9839b1cae55,2016-09,City of London Police,City of London Police,-0.101452,51.512650,On or near ST ANDREW'S HILL,E01032739,City of London 001F,Offender sent to prison
dc4ee13e66638cb8503dc4ae8d26aab80fd13f637685e7208d3c329849baffb7,2016-09,City of London Police,City of London Police,-0.079786,51.517576,On or near Police Station,E01032739,City of London 001F,Offender sent to prison
14e0b0a9afcf151b70c4c31cf1c0e325d3554262ae4b3492dd67880167cfe802,2016-09,City of London Police,City of London Police,-0.079786,51.517576,On or near Police Station,E01032739,City of London 001F,Offender sent to prison
2a00811030e4bf37271c2e3a638be9c8da05d5ed71187fc819905035fc37394b,2016-09,City of London Police,City of London Police,-0.109155,51.516668,On or near FETTER LANE,E01032740,City of London 001G,Offender sent to prison
a40a5b5589aabadf7a9576bba9d2bd8ae59f54e2ce7ec66a4d05409affa169d8,2016-09,City of London Police,City of London Police,-0.083993,51.511440,On or near PHILPOT LANE,E01032739,City of London 001F,Offender sent to prison
848803fdb05a3fc27cb0619f8bba05f078263cadacae2b555a48764ca3f460db,2016-09,City of London Police,City of London Police,-0.100179,51.514158,On or near Shopping Area,E01032739,City of London 001F,Offender sent to prison
ca7a368e5edf157c54b0a1f1e3c65a6dbbf9b43d0ed72035d1a5909c36e1d3e5,2016-09,City of London Police,City of London Police,-0.083296,51.517058,On or near OLD BROAD STREET,E01032739,City of London 001F,Offender sent to prison
7a37da97e63799899e09c7da3a2a7081642f19b19b9af433f0856e922cea5794,2016-09,City of London Police,City of London Police,-0.083993,51.511440,On or near PHILPOT LANE,E01032739,City of London 001F,Offender sent to prison
6c3d58ad463eb447503a4e1edca21ad6b43e87c6c42fb61f92a749b2eafabd7a,2016-09,City of London Police,City of London Police,-0.094720,51.514420,On or near WOOD STREET,E01032739,City of London 001F,Offender fined
8048271ba9f94f6c32c9d1c71a7d27ddd5cbe5ada1496aa9334062bb93b5635b,2016-09,City of London Police,City of London Police,-0.101452,51.512650,On or near ST ANDREW'S HILL,E01032739,City of London 001F,Offender sent to prison
cbc63d80694ff6339e5e0cc3ba7db3281b1690be184b359134d6ecb9fab44933,2016-09,City of London Police,City of London Police,-0.096348,51.515472,On or near FOSTER LANE,E01000001,City of London 001A,Offender sent to prison
c5b739c735291b9c2e2e123766696b16faf73e9d1e48000d578602d7026e8961,2016-09,City of London Police,City of London Police,-0.109155,51.516668,On or near FETTER LANE,E01032740,City of London 001G,Court case unable to proceed
e385d940801b8efcdb025f2cf11c674d0d4b241ef639b50ef9da4195cc8ed5a7,2016-09,City of London Police,City of London Police,-0.093465,51.514463,On or near RUSSIA ROW,E01032739,City of London 001F,Offender sent to prison
ab86ceb7946d57abbad78370f71fedeb0cb7eaf5d1b8b70f293546ec0cc19f02,2016-09,City of London Police,City of London Police,-0.084095,51.516900,On or near NEW BROAD STREET,E01032739,City of London 001F,Offender deprived of property
bbddecadf292c9fb43643a48f60e45c6984f7d949659ff6b4a9469537aaeb263,2016-09,City of London Police,City of London Police,-0.087760,51.517149,On or near LONDON WALL,E01032739,City of London 001F,Offender sent to prison
67783c3fee9169043a5bfbb444eaf254bf9c4506c834f80d6b24d3b861995d47,2016-09,City of London Police,City of London Police,-0.086624,51.511923,On or near CLEMENT'S LANE,E01032739,City of London 001F,Offender sent to prison
481792e92d7206f1008ded0d093da5d12a906d4afaa9a9c5fdaae43cc63b58de,2016-09,City of London Police,City of London Police,-0.079786,51.517576,On or near Police Station,E01032739,City of London 001F,Offender fined
91d764c234974d2124bca962410e4a50a3ff8aaa667b3cab9e7e5233e009e1a2,2016-09,City of London Police,City of London Police,-0.097645,51.515142,On or near ST MARTIN'S LE GRAND,E01032739,City of London 001F,Offender sent to prison
1259bdc5a020bf8460a8c7ed4c9465dce7b995287a404de5fb1e722d8252e2cc,2016-09,City of London Police,City of London Police,-0.080376,51.517244,On or near Supermarket,E01032739,City of London 001F,Offender sent to prison
f738139f790ce32ce9186c73313f9d64a14901c5b0136ef0a350e883f29f71eb,2016-09,City of London Police,City of London Police,-0.084618,51.512682,On or near GRACECHURCH STREET,E01032739,City of London 001F,Offender fined
78e3e28f5ad4bb2140c8685d27dd20b3e069aa71fd5fdd5241f1ec487a548d34,2016-09,City of London Police,City of London Police,-0.097645,51.515142,On or near ST MARTIN'S LE GRAND,E01032739,City of London 001F,Offender sent to prison
d8e92ac3a9adff5a3497308a469cf65ab6e6990c0b499d881c39b2e774ce7f2c,2016-09,City of London Police,City of London Police,-0.083086,51.511407,On or near ROOD LANE,E01032739,City of London 001F,Offender given suspended prison sentence
3c59b5ce868753d2158604259847feaeac224158bc1049a9ddb736eb16dc2f0c,2016-09,City of London Police,City of London Police,-0.079786,51.517576,On or near Police Station,E01032739,City of London 001F,Offender fined
0dafbd221f2af4c25062e888ae1d4aa1283b76758963c6c3097b03fc15bdf224,2016-09,City of London Police,City of London Police,-0.086624,51.511923,On or near CLEMENT'S LANE,E01032739,City of London 001F,Offender given suspended prison sentence
91d764c234974d2124bca962410e4a50a3ff8aaa667b3cab9e7e5233e009e1a2,2016-09,City of London Police,City of London Police,-0.097645,51.515142,On or near ST MARTIN'S LE GRAND,E01032739,City of London 001F,Offender fined
